{
  "weight": 44.279999999999994,
  "partitions": [
    [
      6
    ],
    [
      24,
      23
    ],
    [
      0,
      1,
      2,
      3,
      4,
      5,
      7,
      8,
      9,
      10,
      11,
      12,
      13,
      14,
      15,
      16,
      17,
      18,
      19,
      20,
      21,
      22
    ]
  ],
  "all_min_cuts": [
    [
      [
        6
      ],
      [
        24,
        23
      ],
      [
        0,
        1,
        2,
        3,
        4,
        5,
        7,
        8,
        9,
        10,
        11,
        12,
        13,
        14,
        15,
        16,
        17,
        18,
        19,
        20,
        21,
        22
      ]
    ]
  ],
  "runtime": 2.877439022064209,
  "complexity": "O(n\u00b2 log\u00b2 n) = O(25\u00b2 log\u00b2 25) with sparsification"
}