{
  "results": {
    "weight": 42.279999999999994,
    "partitions": [
      [
        0,
        1,
        5
      ],
      [
        24,
        23
      ],
      [
        2,
        3,
        4,
        6,
        7,
        8,
        9,
        10,
        11,
        12,
        13,
        14,
        15,
        16,
        17,
        18,
        19,
        20,
        21,
        22
      ]
    ],
    "all_min_cuts": [
      [
        [
          0,
          1,
          5
        ],
        [
          24,
          23
        ],
        [
          2,
          3,
          4,
          6,
          7,
          8,
          9,
          10,
          11,
          12,
          13,
          14,
          15,
          16,
          17,
          18,
          19,
          20,
          21,
          22
        ]
      ]
    ],
    "runtime": 2.2317774295806885,
    "complexity": "O(n\u00b2 log\u00b2 n) = O(25\u00b2 log\u00b2 25) with sparsification"
  }
}