{
  "results": {
    "weight": 44.82000000000001,
    "partitions": [
      [
        24,
        23
      ],
      [
        0,
        20,
        21,
        5,
        10,
        15
      ],
      [
        1,
        2,
        3,
        4,
        6,
        7,
        8,
        9,
        11,
        12,
        13,
        14,
        16,
        17,
        18,
        19,
        22
      ]
    ],
    "all_min_cuts": [
      [
        [
          24,
          23
        ],
        [
          0,
          20,
          21,
          5,
          10,
          15
        ],
        [
          1,
          2,
          3,
          4,
          6,
          7,
          8,
          9,
          11,
          12,
          13,
          14,
          16,
          17,
          18,
          19,
          22
        ]
      ]
    ],
    "runtime": 2.295012950897217,
    "complexity": "O(n\u00b2 log n) = O(25\u00b2 log 25) with sparsification"
  }
}