{
  "results": {
    "weight": 159.52999999999997,
    "partitions": [
      [
        21,
        22,
        23,
        24,
        25,
        26,
        27,
        29
      ],
      [
        1,
        5
      ],
      [
        0,
        2,
        3,
        4,
        6,
        7,
        8,
        9,
        10,
        11,
        12,
        13,
        14,
        15,
        16,
        17,
        18,
        19,
        20,
        28
      ]
    ],
    "all_min_cuts": [
      [
        [
          21,
          22,
          23,
          24,
          25,
          26,
          27,
          29
        ],
        [
          1,
          5
        ],
        [
          0,
          2,
          3,
          4,
          6,
          7,
          8,
          9,
          10,
          11,
          12,
          13,
          14,
          15,
          16,
          17,
          18,
          19,
          20,
          28
        ]
      ]
    ],
    "runtime": 4.085740566253662,
    "complexity": "O(n\u00b2 log\u00b2 n) = O(30\u00b2 log\u00b2 30) with sparsification"
  }
}