{
  "results": {
    "weight": 145.85999999999999,
    "partitions": [
      [
        28
      ],
      [
        1,
        2,
        4,
        5,
        6,
        7,
        9,
        10,
        11,
        12,
        13,
        14,
        15,
        16,
        17,
        18,
        19,
        20,
        21,
        22,
        23,
        24,
        25,
        26,
        27,
        29
      ],
      [
        8,
        0,
        3
      ]
    ],
    "all_min_cuts": [
      [
        [
          28
        ],
        [
          1,
          2,
          4,
          5,
          6,
          7,
          9,
          10,
          11,
          12,
          13,
          14,
          15,
          16,
          17,
          18,
          19,
          20,
          21,
          22,
          23,
          24,
          25,
          26,
          27,
          29
        ],
        [
          8,
          0,
          3
        ]
      ]
    ],
    "runtime": 4.163592576980591,
    "complexity": "O(n\u00b2 log n) = O(30\u00b2 log 30) with sparsification"
  }
}