{
  "results": {
    "weight": 147.11999999999998,
    "partitions": [
      [
        25
      ],
      [
        0,
        1,
        2,
        4,
        6,
        7,
        9,
        10,
        11,
        12,
        13,
        14,
        15,
        16,
        17,
        18,
        19,
        20,
        21,
        22,
        23,
        24,
        26,
        27,
        28,
        29
      ],
      [
        8,
        3,
        5
      ]
    ],
    "all_min_cuts": [
      [
        [
          25
        ],
        [
          0,
          1,
          2,
          4,
          6,
          7,
          9,
          10,
          11,
          12,
          13,
          14,
          15,
          16,
          17,
          18,
          19,
          20,
          21,
          22,
          23,
          24,
          26,
          27,
          28,
          29
        ],
        [
          8,
          3,
          5
        ]
      ]
    ],
    "runtime": 5.86184549331665,
    "complexity": "O(n^k) = O(30^3) with sparsification"
  }
}