{
  "results": {
    "weight": 42.949999999999996,
    "partitions": [
      [
        6
      ],
      [
        2
      ],
      [
        0,
        1,
        3,
        4,
        5,
        7,
        8,
        9,
        10,
        11,
        12,
        13,
        14,
        15,
        16,
        17,
        18,
        19,
        20,
        21,
        22,
        23,
        24
      ]
    ],
    "all_min_cuts": [
      [
        [
          6
        ],
        [
          2
        ],
        [
          0,
          1,
          3,
          4,
          5,
          7,
          8,
          9,
          10,
          11,
          12,
          13,
          14,
          15,
          16,
          17,
          18,
          19,
          20,
          21,
          22,
          23,
          24
        ]
      ]
    ],
    "runtime": 2.9485387802124023,
    "complexity": "O(n\u00b2 log\u00b2 n) = O(25\u00b2 log\u00b2 25) with sparsification"
  }
}